a,b,c,q,C_cost,ln_c,ln_rad,omega_c,omega_ab,comp_a,comp_b,comp_c,avg_comp
2,6436341,6436343,1.6299116841270482,20.72326583694641,15.677471079645748,9.618601567386348,5,12,1.0,5.5,5.0,3.8333333333333335
3,4,7,0.5206212286759118,20.72326583694641,1.9459101490553132,3.7376696182833684,1,3,1.0,2.0,1.0,1.3333333333333333
1,8,9,1.226294385530917,20.72326583694641,2.1972245773362196,1.791759469228055,2,3,1.0,3.0,2.0,2.0
1,4374,4375,1.567887264400461,20.222863413408223,8.383661798791715,5.3471075307174685,5,8,1.0,4.0,2.5,2.5
1,2,3,0.6131471927654585,20.72326583694641,1.0986122886681098,1.791759469228055,1,1,1.0,1.0,1.0,1.0
1,1024,1025,1.152304985982131,20.086751668651598,6.932447891572509,6.016157159698354,3,10,1.0,10.0,1.5,4.166666666666667
1,2401,2402,0.8000085592564125,20.030118656386467,7.784057002639929,9.729967151695242,2,4,1.0,4.0,1.0,2.0
1,2187,2188,0.9499191356615719,20.086751668651598,7.690743163541872,8.096208271650037,3,7,1.0,7.0,1.5,3.1666666666666665
